Range,Median Motor Noise (dB)
Range_1,-10.980227702035686
Range_2,-22.298437679885467
Range_3,-20.410619181569157
Range_4,-20.917423878558335
Range_5,-20.07604341260585
Range_6,-35.278004265754554
Range_7,-36.91914103170553
Range_8,-23.85674043519396
Range_9,-27.33253554232045
Range_10,-29.54040563452852
Range_11,-36.64192155012801
Range_12,-31.405688825238304
