Range,Median Motor Noise (dB)
Range_1,-19.71695855310482
Range_2,-29.131735375287466
Range_3,-31.017897171273663
Range_4,-32.54194914007813
Range_5,-31.840673663972925
Range_6,-44.8954513633465
Range_7,-46.03237976064758
Range_8,-35.470995468392594
Range_9,-38.91412756216758
Range_10,-39.732754131537575
Range_11,-43.639423759282025
Range_12,-41.21411399378116
