Range,Median Motor Noise (dB)
Range_1,-19.664862144356782
Range_2,-27.24321853378729
Range_3,-27.192228790193354
Range_4,-27.90026889303659
Range_5,-26.76035536437112
Range_6,-40.31577965414547
Range_7,-42.05978936297152
Range_8,-30.24482602099603
Range_9,-34.24440587767685
Range_10,-36.515265856978964
Range_11,-41.21265998738445
Range_12,-40.146526727758136
