Range,Median Motor Noise (dB)
Range_1,-17.368415067818923
Range_2,-27.68287908693857
Range_3,-27.13912992952499
Range_4,-28.138765117855975
Range_5,-28.511276559345838
Range_6,-41.84148643244387
Range_7,-43.26813797303941
Range_8,-32.06442716705263
Range_9,-34.76370578516363
Range_10,-36.46937537472603
Range_11,-42.16242064892074
Range_12,-38.453506896088015
