Range,Median Motor Noise (dB)
Range_1,-11.273932002237668
Range_2,-22.11314185084624
Range_3,-17.2381409366564
Range_4,-24.375444756043045
Range_5,-21.46407949566748
Range_6,-36.32649847458035
Range_7,-37.5184287743764
Range_8,-24.8525051595414
Range_9,-30.68861218102881
Range_10,-27.204477060934295
Range_11,-37.33547637091495
Range_12,-30.88121179591527
