Range,Median Motor Noise (dB)
Range_1,-18.1601982938098
Range_2,-28.566516625648703
Range_3,-27.745639043831478
Range_4,-28.99367345981718
Range_5,-27.25632950888482
Range_6,-41.66670736733834
Range_7,-43.28209024852025
Range_8,-30.743792593141173
Range_9,-35.10515992580454
Range_10,-37.07075229278392
Range_11,-42.92574552492286
Range_12,-39.28635073152467
