Range,Median Motor Noise (dB)
Range_1,-17.85162329259606
Range_2,-28.396891803074638
Range_3,-27.739461568205478
Range_4,-30.049899901301508
Range_5,-28.79255505032473
Range_6,-42.06644491515476
Range_7,-43.34680291130827
Range_8,-32.40670954645692
Range_9,-36.26191718669152
Range_10,-36.94561585697877
Range_11,-42.15608175944313
Range_12,-38.811197080836095
