Range,Median Motor Noise (dB)
Range_1,-11.276607527828086
Range_2,-23.185935815454272
Range_3,-21.50473115965538
Range_4,-24.163660174125983
Range_5,-20.99710013224061
Range_6,-36.0281448925641
Range_7,-37.56258821508673
Range_8,-24.68923660666897
Range_9,-30.556931139443286
Range_10,-30.83623629317638
Range_11,-37.26537623090229
Range_12,-32.252744803602326
