Range,Median Motor Noise (dB)
Range_1,-21.619888009553584
Range_2,-30.43383649662115
Range_3,-31.269406498480013
Range_4,-35.80656293683915
Range_5,-32.39981503061309
Range_6,-44.6245702126971
Range_7,-46.4616970033613
Range_8,-35.958986191849995
Range_9,-41.717517844059884
Range_10,-40.79531499081611
Range_11,-44.87885365509389
Range_12,-40.47161226403223
