Range,Median Motor Noise (dB)
Range_1,-15.024953874441
Range_2,-24.616733264198814
Range_3,-23.08408137345961
Range_4,-24.90523388424505
Range_5,-22.78259125445378
Range_6,-36.900400393902125
Range_7,-38.44058965020478
Range_8,-26.356955750472608
Range_9,-31.16346501577601
Range_10,-32.45971029248381
Range_11,-38.58614486448808
Range_12,-36.12867452184746
