Range,Median Motor Noise (dB)
Range_1,-18.201676155669787
Range_2,-28.20902448235875
Range_3,-27.389113769740597
Range_4,-28.4245815404393
Range_5,-26.997180164942648
Range_6,-41.32132013557894
Range_7,-42.62729156988184
Range_8,-30.45846707605389
Range_9,-34.78069280598305
Range_10,-36.7141268253453
Range_11,-42.68624438417163
Range_12,-39.261543204948595
