Range,Median Motor Noise (dB)
Range_1,-18.664449720367436
Range_2,-27.19260798571697
Range_3,-27.150439305928366
Range_4,-27.764241684444194
Range_5,-26.474079431837467
Range_6,-41.009786867453016
Range_7,-42.30936891242505
Range_8,-29.992315174832235
Range_9,-34.12132755247235
Range_10,-36.47995889708966
Range_11,-41.25894119978466
Range_12,-39.39739044439498
